Timestamp,A01a,A01b,A01c,A01d,A02a,A02b,A02c,A02d,A03a,A03b,A03c,A03d,A04a,A04b,A04c,A04d,A05a,A05b,A05c,A05d,A06a,A06b,A06c,A06d,A07a,A07b,A07c,A07d,A08a,A08b,A08c,A08d
2025-03-03 00:00:00,0.0,,,,,,,,,,,,,,,,,,,,,,,,,,,,,,,
2025-03-03 00:03:00,0.0,,,,,,,,,,,,,,,,,,,,,,,,,,,,,,,
2025-03-03 00:06:00,0.0,,,,,,,,,,,,,,,,,,,,,,,,,,,,,,,
2025-03-03 00:09:00,0.0,,,,,,,,,,,,,,,,,,,,,,,,,,,,,,,
2025-03-03 00:12:00,0.0,,,,,,,,,,,,,,,,,,,,,,,,,,,,,,,
2025-03-03 00:15:00,0.0,,,,,,,,,,,,,,,,,,,,,,,,,,,,,,,
2025-03-03 00:18:00,0.0,,,,,,,,,,,,,,,,,,,,,,,,,,,,,,,
2025-03-03 00:21:00,0.0,,,,,,,,,,,,,,,,,,,,,,,,,,,,,,,
2025-03-03 00:24:00,0.0,,,,,,,,,,,,,,,,,,,,,,,,,,,,,,,
2025-03-03 00:27:00,0.0,,,,,,,,,,,,,,,,,,,,,,,,,,,,,,,
2025-03-03 00:30:00,0.0,,,,,,,,,,,,,,,,,,,,,,,,,,,,,,,
2025-03-03 00:33:00,0.0,,,,,,,,,,,,,,,,,,,,,,,,,,,,,,,
2025-03-03 00:36:00,0.0,,,,,,,,,,,,,,,,,,,,,,,,,,,,,,,
2025-03-03 00:39:00,0.0,,,,,,,,,,,,,,,,,,,,,,,,,,,,,,,
2025-03-03 00:42:00,0.0,,,,,,,,,,,,,,,,,,,,,,,,,,,,,,,
2025-03-03 00:45:00,0.0,,,,,,,,,,,,,,,,,,,,,,,,,,,,,,,
2025-03-03 00:48:00,0.0,,,,,,,,,,,,,,,,,,,,,,,,,,,,,,,
2025-03-03 00:51:00,0.0,,,,,,,,,,,,,,,,,,,,,,,,,,,,,,,
2025-03-03 00:54:00,0.0,,,,,,,,,,,,,,,,,,,,,,,,,,,,,,,
2025-03-03 00:57:00,0.0,,,,,,,,,,,,,,,,,,,,,,,,,,,,,,,
2025-03-03 01:00:00,0.0,,,,,,,,,,,,,,,,,,,,,,,,,,,,,,,
2025-03-03 01:03:00,0.0,,,,,,,,,,,,,,,,,,,,,,,,,,,,,,,
2025-03-03 01:06:00,0.0,,,,,,,,,,,,,,,,,,,,,,,,,,,,,,,
2025-03-03 01:09:00,0.0,,,,,,,,,,,,,,,,,,,,,,,,,,,,,,,
2025-03-03 01:12:00,0.0,,,,,,,,,,,,,,,,,,,,,,,,,,,,,,,
2025-03-03 01:15:00,0.0,,,,,,,,,,,,,,,,,,,,,,,,,,,,,,,
2025-03-03 01:18:00,0.0,,,,,,,,,,,,,,,,,,,,,,,,,,,,,,,
2025-03-03 01:21:00,0.0,,,,,,,,,,,,,,,,,,,,,,,,,,,,,,,
2025-03-03 01:24:00,0.0,,,,,,,,,,,,,,,,,,,,,,,,,,,,,,,
2025-03-03 01:27:00,0.0,,,,,,,,,,,,,,,,,,,,,,,,,,,,,,,
2025-03-03 01:30:00,0.0,,,,,,,,,,,,,,,,,,,,,,,,,,,,,,,
2025-03-03 01:33:00,0.0,,,,,,,,,,,,,,,,,,,,,,,,,,,,,,,
2025-03-03 01:36:00,0.0,,,,,,,,,,,,,,,,,,,,,,,,,,,,,,,
2025-03-03 01:39:00,0.0,,,,,,,,,,,,,,,,,,,,,,,,,,,,,,,
2025-03-03 01:42:00,0.0,,,,,,,,,,,,,,,,,,,,,,,,,,,,,,,
2025-03-03 01:45:00,0.0,,,,,,,,,,,,,,,,,,,,,,,,,,,,,,,
2025-03-03 01:48:00,0.0,,,,,,,,,,,,,,,,,,,,,,,,,,,,,,,
2025-03-03 01:51:00,0.0,,,,,,,,,,,,,,,,,,,,,,,,,,,,,,,
2025-03-03 01:54:00,0.0,,,,,,,,,,,,,,,,,,,,,,,,,,,,,,,
2025-03-03 01:57:00,0.0,,,,,,,,,,,,,,,,,,,,,,,,,,,,,,,
2025-03-03 02:00:00,0.0,,,,,,,,,,,,,,,,,,,,,,,,,,,,,,,
2025-03-03 02:03:00,0.0,,,,,,,,,,,,,,,,,,,,,,,,,,,,,,,
2025-03-03 02:06:00,0.0,,,,,,,,,,,,,,,,,,,,,,,,,,,,,,,
2025-03-03 02:09:00,0.0,,,,,,,,,,,,,,,,,,,,,,,,,,,,,,,
2025-03-03 02:12:00,0.0,,,,,,,,,,,,,,,,,,,,,,,,,,,,,,,
2025-03-03 02:15:00,0.0,,,,,,,,,,,,,,,,,,,,,,,,,,,,,,,
2025-03-03 02:18:00,0.0,,,,,,,,,,,,,,,,,,,,,,,,,,,,,,,
2025-03-03 02:21:00,0.0,,,,,,,,,,,,,,,,,,,,,,,,,,,,,,,
2025-03-03 02:24:00,0.0,,,,,,,,,,,,,,,,,,,,,,,,,,,,,,,
2025-03-03 02:27:00,0.0,,,,,,,,,,,,,,,,,,,,,,,,,,,,,,,
2025-03-03 02:30:00,0.0,,,,,,,,,,,,,,,,,,,,,,,,,,,,,,,
2025-03-03 02:33:00,0.0,,,,,,,,,,,,,,,,,,,,,,,,,,,,,,,
2025-03-03 02:36:00,0.0,,,,,,,,,,,,,,,,,,,,,,,,,,,,,,,
2025-03-03 02:39:00,0.0,,,,,,,,,,,,,,,,,,,,,,,,,,,,,,,
2025-03-03 02:42:00,0.0,,,,,,,,,,,,,,,,,,,,,,,,,,,,,,,
2025-03-03 02:45:00,0.0,,,,,,,,,,,,,,,,,,,,,,,,,,,,,,,
2025-03-03 02:48:00,0.0,,,,,,,,,,,,,,,,,,,,,,,,,,,,,,,
2025-03-03 02:51:00,0.0,,,,,,,,,,,,,,,,,,,,,,,,,,,,,,,
2025-03-03 02:54:00,0.0,,,,,,,,,,,,,,,,,,,,,,,,,,,,,,,
2025-03-03 02:57:00,0.0,,,,,,,,,,,,,,,,,,,,,,,,,,,,,,,
2025-03-03 03:00:00,0.0,,,,,,,,,,,,,,,,,,,,,,,,,,,,,,,
2025-03-03 03:03:00,0.0,,,,,,,,,,,,,,,,,,,,,,,,,,,,,,,
2025-03-03 03:06:00,0.0,,,,,,,,,,,,,,,,,,,,,,,,,,,,,,,
2025-03-03 03:09:00,,,,,,,,,,,,,,,,,,,,,,,,,,,,,,,,
2025-03-03 03:12:00,0.0,,,,,,,,,,,,,,,,,,,,,,,,,,,,,,,
2025-03-03 03:15:00,0.0,,,,,,,,,,,,,,,,,,,,,,,,,,,,,,,
2025-03-03 03:18:00,0.0,,,,,,,,,,,,,,,,,,,,,,,,,,,,,,,
2025-03-03 03:21:00,0.0,,,,,,,,,,,,,,,,,,,,,,,,,,,,,,,
2025-03-03 03:24:00,0.0,,,,,,,,,,,,,,,,,,,,,,,,,,,,,,,
2025-03-03 03:27:00,0.0,,,,,,,,,,,,,,,,,,,,,,,,,,,,,,,
2025-03-03 03:30:00,0.0,,,,,,,,,,,,,,,,,,,,,,,,,,,,,,,
2025-03-03 03:33:00,0.0,,,,,,,,,,,,,,,,,,,,,,,,,,,,,,,
2025-03-03 03:36:00,0.0,,,,,,,,,,,,,,,,,,,,,,,,,,,,,,,
2025-03-03 03:39:00,0.0,,,,,,,,,,,,,,,,,,,,,,,,,,,,,,,
2025-03-03 03:42:00,0.0,,,,,,,,,,,,,,,,,,,,,,,,,,,,,,,
2025-03-03 03:45:00,0.0,,,,,,,,,,,,,,,,,,,,,,,,,,,,,,,
2025-03-03 03:48:00,0.0,,,,,,,,,,,,,,,,,,,,,,,,,,,,,,,
2025-03-03 03:51:00,0.0,,,,,,,,,,,,,,,,,,,,,,,,,,,,,,,
2025-03-03 03:54:00,0.0,,,,,,,,,,,,,,,,,,,,,,,,,,,,,,,
2025-03-03 03:57:00,0.0,,,,,,,,,,,,,,,,,,,,,,,,,,,,,,,
2025-03-03 04:00:00,0.0,,,,,,,,,,,,,,,,,,,,,,,,,,,,,,,
2025-03-03 04:03:00,0.0,,,,,,,,,,,,,,,,,,,,,,,,,,,,,,,
2025-03-03 04:06:00,0.0,,,,,,,,,,,,,,,,,,,,,,,,,,,,,,,
2025-03-03 04:09:00,0.0,,,,,,,,,,,,,,,,,,,,,,,,,,,,,,,
2025-03-03 04:12:00,0.0,,,,,,,,,,,,,,,,,,,,,,,,,,,,,,,
2025-03-03 04:15:00,0.0,,,,,,,,,,,,,,,,,,,,,,,,,,,,,,,
2025-03-03 04:18:00,0.0,,,,,,,,,,,,,,,,,,,,,,,,,,,,,,,
2025-03-03 04:21:00,0.0,,,,,,,,,,,,,,,,,,,,,,,,,,,,,,,
2025-03-03 04:24:00,0.0,,,,,,,,,,,,,,,,,,,,,,,,,,,,,,,
2025-03-03 04:27:00,0.0,,,,,,,,,,,,,,,,,,,,,,,,,,,,,,,
2025-03-03 04:30:00,0.0,,,,,,,,,,,,,,,,,,,,,,,,,,,,,,,
2025-03-03 04:33:00,0.0,,,,,,,,,,,,,,,,,,,,,,,,,,,,,,,
2025-03-03 04:36:00,0.0,,,,,,,,,,,,,,,,,,,,,,,,,,,,,,,
2025-03-03 04:39:00,0.0,,,,,,,,,,,,,,,,,,,,,,,,,,,,,,,
2025-03-03 04:42:00,0.0,,,,,,,,,,,,,,,,,,,,,,,,,,,,,,,
2025-03-03 04:45:00,0.0,,,,,,,,,,,,,,,,,,,,,,,,,,,,,,,
2025-03-03 04:48:00,0.0,,,,,,,,,,,,,,,,,,,,,,,,,,,,,,,
2025-03-03 04:51:00,0.0,,,,,,,,,,,,,,,,,,,,,,,,,,,,,,,
2025-03-03 04:54:00,0.0,,,,,,,,,,,,,,,,,,,,,,,,,,,,,,,
2025-03-03 04:57:00,0.0,,,,,,,,,,,,,,,,,,,,,,,,,,,,,,,
2025-03-03 05:00:00,0.0,,,,,,,,,,,,,,,,,,,,,,,,,,,,,,,
2025-03-03 05:03:00,0.0,,,,,,,,,,,,,,,,,,,,,,,,,,,,,,,
2025-03-03 05:06:00,0.0,,,,,,,,,,,,,,,,,,,,,,,,,,,,,,,
2025-03-03 05:09:00,0.0,,,,,,,,,,,,,,,,,,,,,,,,,,,,,,,
2025-03-03 05:12:00,0.0,,,,,,,,,,,,,,,,,,,,,,,,,,,,,,,
2025-03-03 05:15:00,0.0,,,,,,,,,,,,,,,,,,,,,,,,,,,,,,,
2025-03-03 05:18:00,0.0,,,,,,,,,,,,,,,,,,,,,,,,,,,,,,,
2025-03-03 05:21:00,0.0,,,,,,,,,,,,,,,,,,,,,,,,,,,,,,,
2025-03-03 05:24:00,0.0,,,,,,,,,,,,,,,,,,,,,,,,,,,,,,,
2025-03-03 05:27:00,0.0,,,,,,,,,,,,,,,,,,,,,,,,,,,,,,,
2025-03-03 05:30:00,0.0,,,,,,,,,,,,,,,,,,,,,,,,,,,,,,,
2025-03-03 05:33:00,0.0,,,,,,,,,,,,,,,,,,,,,,,,,,,,,,,
2025-03-03 05:36:00,0.0,,,,,,,,,,,,,,,,,,,,,,,,,,,,,,,
2025-03-03 05:39:00,0.0,,,,,,,,,,,,,,,,,,,,,,,,,,,,,,,
2025-03-03 05:42:00,0.0,,,,,,,,,,,,,,,,,,,,,,,,,,,,,,,
2025-03-03 05:45:00,0.0,,,,,,,,,,,,,,,,,,,,,,,,,,,,,,,
2025-03-03 05:48:00,0.0,,,,,,,,,,,,,,,,,,,,,,,,,,,,,,,
2025-03-03 05:51:00,0.0,,,,,,,,,,,,,,,,,,,,,,,,,,,,,,,
2025-03-03 05:54:00,0.0,,,,,,,,,,,,,,,,,,,,,,,,,,,,,,,
2025-03-03 05:57:00,0.0,,,,,,,,,,,,,,,,,,,,,,,,,,,,,,,
2025-03-03 06:00:00,0.0,,,,,,,,,,,,,,,,,,,,,,,,,,,,,,,
2025-03-03 06:03:00,0.0,,,,,,,,,,,,,,,,,,,,,,,,,,,,,,,
2025-03-03 06:06:00,0.0,,,,,,,,,,,,,,,,,,,,,,,,,,,,,,,
2025-03-03 06:09:00,0.0,,,,,,,,,,,,,,,,,,,,,,,,,,,,,,,
2025-03-03 06:12:00,0.0,,,,,,,,,,,,,,,,,,,,,,,,,,,,,,,
2025-03-03 06:15:00,9.0,,,,,,,,,,,,,,,,,,,,,,,,,,,,,,,
2025-03-03 06:18:00,12.0,,,,,,,,,,,,,,,,,,,,,,,,,,,,,,,
2025-03-03 06:21:00,14.0,,,,,,,,,,,,,,,,,,,,,,,,,,,,,,,
2025-03-03 06:24:00,16.0,,,,,,,,,,,,,,,,,,,,,,,,,,,,,,,
2025-03-03 06:27:00,18.0,,,,,,,,,,,,,,,,,,,,,,,,,,,,,,,
2025-03-03 06:30:00,21.0,,,,,,,,,,,,,,,,,,,,,,,,,,,,,,,
2025-03-03 06:33:00,28.0,,,,,,,,,,,,,,,,,,,,,,,,,,,,,,,
2025-03-03 06:36:00,35.0,,,,,,,,,,,,,,,,,,,,,,,,,,,,,,,
2025-03-03 06:39:00,41.0,,,,,,,,,,,,,,,,,,,,,,,,,,,,,,,
2025-03-03 06:42:00,46.0,,,,,,,,,,,,,,,,,,,,,,,,,,,,,,,
2025-03-03 06:45:00,54.0,,,,,,,,,,,,,,,,,,,,,,,,,,,,,,,
2025-03-03 06:48:00,64.0,,,,,,,,,,,,,,,,,,,,,,,,,,,,,,,
2025-03-03 06:51:00,64.0,,,,,,,,,,,,,,,,,,,,,,,,,,,,,,,
2025-03-03 06:54:00,63.0,,,,,,,,,,,,,,,,,,,,,,,,,,,,,,,
2025-03-03 06:57:00,67.0,,,,,,,,,,,,,,,,,,,,,,,,,,,,,,,
2025-03-03 07:00:00,68.0,,,,,,,,,,,,,,,,,,,,,,,,,,,,,,,
2025-03-03 07:03:00,73.0,,,,,,,,,,,,,,,,,,,,,,,,,,,,,,,
2025-03-03 07:06:00,90.0,,,,,,,,,,,,,,,,,,,,,,,,,,,,,,,
2025-03-03 07:09:00,106.0,,,,,,,,,,,,,,,,,,,,,,,,,,,,,,,
2025-03-03 07:12:00,103.0,,,,,,,,,,,,,,,,,,,,,,,,,,,,,,,
2025-03-03 07:15:00,95.0,,,,,,,,,,,,,,,,,,,,,,,,,,,,,,,
2025-03-03 07:18:00,103.0,,,,,,,,,,,,,,,,,,,,,,,,,,,,,,,
2025-03-03 07:21:00,112.0,,,,,,,,,,,,,,,,,,,,,,,,,,,,,,,
2025-03-03 07:24:00,123.0,,,,,,,,,,,,,,,,,,,,,,,,,,,,,,,
2025-03-03 07:27:00,115.0,,,,,,,,,,,,,,,,,,,,,,,,,,,,,,,
2025-03-03 07:30:00,126.0,,,,,,,,,,,,,,,,,,,,,,,,,,,,,,,
2025-03-03 07:33:00,119.0,,,,,,,,,,,,,,,,,,,,,,,,,,,,,,,
2025-03-03 07:36:00,113.0,,,,,,,,,,,,,,,,,,,,,,,,,,,,,,,
2025-03-03 07:39:00,111.0,,,,,,,,,,,,,,,,,,,,,,,,,,,,,,,
2025-03-03 07:42:00,120.0,,,,,,,,,,,,,,,,,,,,,,,,,,,,,,,
2025-03-03 07:45:00,134.0,,,,,,,,,,,,,,,,,,,,,,,,,,,,,,,
2025-03-03 07:48:00,135.0,,,,,,,,,,,,,,,,,,,,,,,,,,,,,,,
2025-03-03 07:51:00,158.0,,,,,,,,,,,,,,,,,,,,,,,,,,,,,,,
2025-03-03 07:54:00,134.0,,,,,,,,,,,,,,,,,,,,,,,,,,,,,,,
2025-03-03 07:57:00,166.0,,,,,,,,,,,,,,,,,,,,,,,,,,,,,,,
2025-03-03 08:00:00,268.0,,,,,,,,,,,,,,,,,,,,,,,,,,,,,,,
2025-03-03 08:03:00,354.0,,,,,,,,,,,,,,,,,,,,,,,,,,,,,,,
2025-03-03 08:06:00,452.0,,,,,,,,,,,,,,,,,,,,,,,,,,,,,,,
2025-03-03 08:09:00,520.0,,,,,,,,,,,,,,,,,,,,,,,,,,,,,,,
2025-03-03 08:12:00,388.0,,,,,,,,,,,,,,,,,,,,,,,,,,,,,,,
2025-03-03 08:15:00,419.0,,,,,,,,,,,,,,,,,,,,,,,,,,,,,,,
2025-03-03 08:18:00,308.0,,,,,,,,,,,,,,,,,,,,,,,,,,,,,,,
2025-03-03 08:21:00,244.0,,,,,,,,,,,,,,,,,,,,,,,,,,,,,,,
2025-03-03 08:24:00,232.0,,,,,,,,,,,,,,,,,,,,,,,,,,,,,,,
2025-03-03 08:27:00,230.0,,,,,,,,,,,,,,,,,,,,,,,,,,,,,,,
2025-03-03 08:30:00,200.0,,,,,,,,,,,,,,,,,,,,,,,,,,,,,,,
2025-03-03 08:33:00,175.0,,,,,,,,,,,,,,,,,,,,,,,,,,,,,,,
2025-03-03 08:36:00,214.0,,,,,,,,,,,,,,,,,,,,,,,,,,,,,,,
2025-03-03 08:39:00,239.0,,,,,,,,,,,,,,,,,,,,,,,,,,,,,,,
2025-03-03 08:42:00,214.0,,,,,,,,,,,,,,,,,,,,,,,,,,,,,,,
2025-03-03 08:45:00,496.0,,,,,,,,,,,,,,,,,,,,,,,,,,,,,,,
2025-03-03 08:48:00,290.0,,,,,,,,,,,,,,,,,,,,,,,,,,,,,,,
2025-03-03 08:51:00,282.0,,,,,,,,,,,,,,,,,,,,,,,,,,,,,,,
2025-03-03 08:54:00,322.0,,,,,,,,,,,,,,,,,,,,,,,,,,,,,,,
2025-03-03 08:57:00,268.0,,,,,,,,,,,,,,,,,,,,,,,,,,,,,,,
2025-03-03 09:00:00,,,,,,,,,,,,,,,,,,,,,,,,,,,,,,,,
2025-03-03 09:03:00,417.0,,,,,,,,,,,,,,,,,,,,,,,,,,,,,,,
2025-03-03 09:06:00,366.0,,,,,,,,,,,,,,,,,,,,,,,,,,,,,,,
2025-03-03 09:09:00,365.0,,,,,,,,,,,,,,,,,,,,,,,,,,,,,,,
2025-03-03 09:12:00,336.0,,,,,,,,,,,,,,,,,,,,,,,,,,,,,,,
2025-03-03 09:15:00,256.0,,,,,,,,,,,,,,,,,,,,,,,,,,,,,,,
2025-03-03 09:18:00,304.0,,,,,,,,,,,,,,,,,,,,,,,,,,,,,,,
2025-03-03 09:21:00,302.0,,,,,,,,,,,,,,,,,,,,,,,,,,,,,,,
2025-03-03 09:24:00,322.0,,,,,,,,,,,,,,,,,,,,,,,,,,,,,,,
2025-03-03 09:27:00,326.0,,,,,,,,,,,,,,,,,,,,,,,,,,,,,,,
2025-03-03 09:30:00,321.0,,,,,,,,,,,,,,,,,,,,,,,,,,,,,,,
2025-03-03 09:33:00,291.0,,,,,,,,,,,,,,,,,,,,,,,,,,,,,,,
2025-03-03 09:36:00,276.0,,,,,,,,,,,,,,,,,,,,,,,,,,,,,,,
2025-03-03 09:39:00,263.0,,,,,,,,,,,,,,,,,,,,,,,,,,,,,,,
2025-03-03 09:42:00,266.0,,,,,,,,,,,,,,,,,,,,,,,,,,,,,,,
2025-03-03 09:45:00,341.0,,,,,,,,,,,,,,,,,,,,,,,,,,,,,,,
2025-03-03 09:48:00,542.0,,,,,,,,,,,,,,,,,,,,,,,,,,,,,,,
2025-03-03 09:51:00,570.0,,,,,,,,,,,,,,,,,,,,,,,,,,,,,,,
2025-03-03 09:54:00,569.0,,,,,,,,,,,,,,,,,,,,,,,,,,,,,,,
2025-03-03 09:57:00,559.0,,,,,,,,,,,,,,,,,,,,,,,,,,,,,,,
2025-03-03 10:00:00,380.0,,,,,,,,,,,,,,,,,,,,,,,,,,,,,,,
2025-03-03 10:03:00,222.0,,,,,,,,,,,,,,,,,,,,,,,,,,,,,,,
2025-03-03 10:06:00,386.0,,,,,,,,,,,,,,,,,,,,,,,,,,,,,,,
2025-03-03 10:09:00,487.0,,,,,,,,,,,,,,,,,,,,,,,,,,,,,,,
2025-03-03 10:12:00,578.0,,,,,,,,,,,,,,,,,,,,,,,,,,,,,,,
2025-03-03 10:15:00,469.0,,,,,,,,,,,,,,,,,,,,,,,,,,,,,,,
2025-03-03 10:18:00,358.0,,,,,,,,,,,,,,,,,,,,,,,,,,,,,,,
2025-03-03 10:21:00,344.0,,,,,,,,,,,,,,,,,,,,,,,,,,,,,,,
2025-03-03 10:24:00,342.0,,,,,,,,,,,,,,,,,,,,,,,,,,,,,,,
2025-03-03 10:27:00,344.0,,,,,,,,,,,,,,,,,,,,,,,,,,,,,,,
2025-03-03 10:30:00,352.0,,,,,,,,,,,,,,,,,,,,,,,,,,,,,,,
2025-03-03 10:33:00,356.0,,,,,,,,,,,,,,,,,,,,,,,,,,,,,,,
2025-03-03 10:36:00,320.0,,,,,,,,,,,,,,,,,,,,,,,,,,,,,,,
2025-03-03 10:39:00,318.0,,,,,,,,,,,,,,,,,,,,,,,,,,,,,,,
2025-03-03 10:42:00,323.0,,,,,,,,,,,,,,,,,,,,,,,,,,,,,,,
2025-03-03 10:45:00,331.0,,,,,,,,,,,,,,,,,,,,,,,,,,,,,,,
2025-03-03 10:48:00,345.0,,,,,,,,,,,,,,,,,,,,,,,,,,,,,,,
2025-03-03 10:51:00,606.0,,,,,,,,,,,,,,,,,,,,,,,,,,,,,,,
2025-03-03 10:54:00,404.0,,,,,,,,,,,,,,,,,,,,,,,,,,,,,,,
2025-03-03 10:57:00,442.0,,,,,,,,,,,,,,,,,,,,,,,,,,,,,,,
2025-03-03 11:00:00,547.0,,,,,,,,,,,,,,,,,,,,,,,,,,,,,,,
2025-03-03 11:03:00,657.0,,,,,,,,,,,,,,,,,,,,,,,,,,,,,,,
2025-03-03 11:06:00,964.0,,,,,,,,,,,,,,,,,,,,,,,,,,,,,,,
2025-03-03 11:09:00,876.0,,,,,,,,,,,,,,,,,,,,,,,,,,,,,,,
2025-03-03 11:12:00,495.0,,,,,,,,,,,,,,,,,,,,,,,,,,,,,,,
2025-03-03 11:15:00,770.0,,,,,,,,,,,,,,,,,,,,,,,,,,,,,,,
2025-03-03 11:18:00,704.0,,,,,,,,,,,,,,,,,,,,,,,,,,,,,,,
2025-03-03 11:21:00,856.0,,,,,,,,,,,,,,,,,,,,,,,,,,,,,,,
2025-03-03 11:24:00,904.0,,,,,,,,,,,,,,,,,,,,,,,,,,,,,,,
2025-03-03 11:27:00,918.0,,,,,,,,,,,,,,,,,,,,,,,,,,,,,,,
2025-03-03 11:30:00,620.0,,,,,,,,,,,,,,,,,,,,,,,,,,,,,,,
2025-03-03 11:33:00,567.0,,,,,,,,,,,,,,,,,,,,,,,,,,,,,,,
2025-03-03 11:36:00,632.0,,,,,,,,,,,,,,,,,,,,,,,,,,,,,,,
2025-03-03 11:39:00,796.0,,,,,,,,,,,,,,,,,,,,,,,,,,,,,,,
2025-03-03 11:42:00,580.0,,,,,,,,,,,,,,,,,,,,,,,,,,,,,,,
2025-03-03 11:45:00,758.0,,,,,,,,,,,,,,,,,,,,,,,,,,,,,,,
2025-03-03 11:48:00,776.0,,,,,,,,,,,,,,,,,,,,,,,,,,,,,,,
2025-03-03 11:51:00,437.0,,,,,,,,,,,,,,,,,,,,,,,,,,,,,,,
2025-03-03 11:54:00,544.0,,,,,,,,,,,,,,,,,,,,,,,,,,,,,,,
2025-03-03 11:57:00,585.0,,,,,,,,,,,,,,,,,,,,,,,,,,,,,,,
2025-03-03 12:00:00,660.0,,,,,,,,,,,,,,,,,,,,,,,,,,,,,,,
2025-03-03 12:03:00,819.0,,,,,,,,,,,,,,,,,,,,,,,,,,,,,,,
2025-03-03 12:06:00,879.0,,,,,,,,,,,,,,,,,,,,,,,,,,,,,,,
2025-03-03 12:09:00,1013.0,,,,,,,,,,,,,,,,,,,,,,,,,,,,,,,
2025-03-03 12:12:00,600.0,,,,,,,,,,,,,,,,,,,,,,,,,,,,,,,
2025-03-03 12:15:00,358.0,,,,,,,,,,,,,,,,,,,,,,,,,,,,,,,
2025-03-03 12:18:00,352.0,,,,,,,,,,,,,,,,,,,,,,,,,,,,,,,
2025-03-03 12:21:00,486.0,,,,,,,,,,,,,,,,,,,,,,,,,,,,,,,
2025-03-03 12:24:00,1055.0,,,,,,,,,,,,,,,,,,,,,,,,,,,,,,,
2025-03-03 12:27:00,1024.0,,,,,,,,,,,,,,,,,,,,,,,,,,,,,,,
2025-03-03 12:30:00,963.0,,,,,,,,,,,,,,,,,,,,,,,,,,,,,,,
2025-03-03 12:33:00,700.0,,,,,,,,,,,,,,,,,,,,,,,,,,,,,,,
2025-03-03 12:36:00,545.0,,,,,,,,,,,,,,,,,,,,,,,,,,,,,,,
2025-03-03 12:39:00,532.0,,,,,,,,,,,,,,,,,,,,,,,,,,,,,,,
2025-03-03 12:42:00,586.0,,,,,,,,,,,,,,,,,,,,,,,,,,,,,,,
2025-03-03 12:45:00,734.0,,,,,,,,,,,,,,,,,,,,,,,,,,,,,,,
2025-03-03 12:48:00,708.0,,,,,,,,,,,,,,,,,,,,,,,,,,,,,,,
2025-03-03 12:51:00,806.0,,,,,,,,,,,,,,,,,,,,,,,,,,,,,,,
2025-03-03 12:54:00,877.0,,,,,,,,,,,,,,,,,,,,,,,,,,,,,,,
2025-03-03 12:57:00,923.0,,,,,,,,,,,,,,,,,,,,,,,,,,,,,,,
2025-03-03 13:00:00,889.0,,,,,,,,,,,,,,,,,,,,,,,,,,,,,,,
2025-03-03 13:03:00,860.0,,,,,,,,,,,,,,,,,,,,,,,,,,,,,,,
2025-03-03 13:06:00,687.0,,,,,,,,,,,,,,,,,,,,,,,,,,,,,,,
2025-03-03 13:09:00,573.0,,,,,,,,,,,,,,,,,,,,,,,,,,,,,,,
2025-03-03 13:12:00,520.0,,,,,,,,,,,,,,,,,,,,,,,,,,,,,,,
2025-03-03 13:15:00,597.0,,,,,,,,,,,,,,,,,,,,,,,,,,,,,,,
2025-03-03 13:18:00,675.0,,,,,,,,,,,,,,,,,,,,,,,,,,,,,,,
2025-03-03 13:21:00,498.0,,,,,,,,,,,,,,,,,,,,,,,,,,,,,,,
2025-03-03 13:24:00,432.0,,,,,,,,,,,,,,,,,,,,,,,,,,,,,,,
2025-03-03 13:27:00,508.0,,,,,,,,,,,,,,,,,,,,,,,,,,,,,,,
2025-03-03 13:30:00,695.0,,,,,,,,,,,,,,,,,,,,,,,,,,,,,,,
2025-03-03 13:33:00,605.0,,,,,,,,,,,,,,,,,,,,,,,,,,,,,,,
2025-03-03 13:36:00,435.0,,,,,,,,,,,,,,,,,,,,,,,,,,,,,,,
2025-03-03 13:39:00,361.0,,,,,,,,,,,,,,,,,,,,,,,,,,,,,,,
2025-03-03 13:42:00,300.0,,,,,,,,,,,,,,,,,,,,,,,,,,,,,,,
2025-03-03 13:45:00,315.0,,,,,,,,,,,,,,,,,,,,,,,,,,,,,,,
2025-03-03 13:48:00,376.0,,,,,,,,,,,,,,,,,,,,,,,,,,,,,,,
2025-03-03 13:51:00,389.0,,,,,,,,,,,,,,,,,,,,,,,,,,,,,,,
2025-03-03 13:54:00,331.0,,,,,,,,,,,,,,,,,,,,,,,,,,,,,,,
2025-03-03 13:57:00,326.0,,,,,,,,,,,,,,,,,,,,,,,,,,,,,,,
2025-03-03 14:00:00,351.0,,,,,,,,,,,,,,,,,,,,,,,,,,,,,,,
2025-03-03 14:03:00,364.0,,,,,,,,,,,,,,,,,,,,,,,,,,,,,,,
2025-03-03 14:06:00,335.0,,,,,,,,,,,,,,,,,,,,,,,,,,,,,,,
2025-03-03 14:09:00,317.0,,,,,,,,,,,,,,,,,,,,,,,,,,,,,,,
2025-03-03 14:12:00,368.0,,,,,,,,,,,,,,,,,,,,,,,,,,,,,,,
2025-03-03 14:15:00,432.0,,,,,,,,,,,,,,,,,,,,,,,,,,,,,,,
2025-03-03 14:18:00,487.0,,,,,,,,,,,,,,,,,,,,,,,,,,,,,,,
2025-03-03 14:21:00,453.0,,,,,,,,,,,,,,,,,,,,,,,,,,,,,,,
2025-03-03 14:24:00,621.0,,,,,,,,,,,,,,,,,,,,,,,,,,,,,,,
2025-03-03 14:27:00,512.0,,,,,,,,,,,,,,,,,,,,,,,,,,,,,,,
2025-03-03 14:30:00,634.0,,,,,,,,,,,,,,,,,,,,,,,,,,,,,,,
2025-03-03 14:33:00,637.0,,,,,,,,,,,,,,,,,,,,,,,,,,,,,,,
2025-03-03 14:36:00,444.0,,,,,,,,,,,,,,,,,,,,,,,,,,,,,,,
2025-03-03 14:39:00,333.0,,,,,,,,,,,,,,,,,,,,,,,,,,,,,,,
2025-03-03 14:42:00,301.0,,,,,,,,,,,,,,,,,,,,,,,,,,,,,,,
2025-03-03 14:45:00,328.0,,,,,,,,,,,,,,,,,,,,,,,,,,,,,,,
2025-03-03 14:48:00,368.0,,,,,,,,,,,,,,,,,,,,,,,,,,,,,,,
2025-03-03 14:51:00,416.0,,,,,,,,,,,,,,,,,,,,,,,,,,,,,,,
2025-03-03 14:54:00,468.0,,,,,,,,,,,,,,,,,,,,,,,,,,,,,,,
2025-03-03 14:57:00,428.0,,,,,,,,,,,,,,,,,,,,,,,,,,,,,,,
2025-03-03 15:00:00,356.0,,,,,,,,,,,,,,,,,,,,,,,,,,,,,,,
2025-03-03 15:03:00,379.0,,,,,,,,,,,,,,,,,,,,,,,,,,,,,,,
2025-03-03 15:06:00,370.0,,,,,,,,,,,,,,,,,,,,,,,,,,,,,,,
2025-03-03 15:09:00,350.0,,,,,,,,,,,,,,,,,,,,,,,,,,,,,,,
2025-03-03 15:12:00,342.0,,,,,,,,,,,,,,,,,,,,,,,,,,,,,,,
2025-03-03 15:15:00,306.0,,,,,,,,,,,,,,,,,,,,,,,,,,,,,,,
2025-03-03 15:18:00,339.0,,,,,,,,,,,,,,,,,,,,,,,,,,,,,,,
2025-03-03 15:21:00,329.0,,,,,,,,,,,,,,,,,,,,,,,,,,,,,,,
2025-03-03 15:24:00,322.0,,,,,,,,,,,,,,,,,,,,,,,,,,,,,,,
2025-03-03 15:27:00,347.0,,,,,,,,,,,,,,,,,,,,,,,,,,,,,,,
2025-03-03 15:30:00,301.0,,,,,,,,,,,,,,,,,,,,,,,,,,,,,,,
2025-03-03 15:33:00,255.0,,,,,,,,,,,,,,,,,,,,,,,,,,,,,,,
2025-03-03 15:36:00,247.0,,,,,,,,,,,,,,,,,,,,,,,,,,,,,,,
2025-03-03 15:39:00,235.0,,,,,,,,,,,,,,,,,,,,,,,,,,,,,,,
2025-03-03 15:42:00,216.0,,,,,,,,,,,,,,,,,,,,,,,,,,,,,,,
2025-03-03 15:45:00,198.0,,,,,,,,,,,,,,,,,,,,,,,,,,,,,,,
2025-03-03 15:48:00,189.0,,,,,,,,,,,,,,,,,,,,,,,,,,,,,,,
2025-03-03 15:51:00,197.0,,,,,,,,,,,,,,,,,,,,,,,,,,,,,,,
2025-03-03 15:54:00,205.0,,,,,,,,,,,,,,,,,,,,,,,,,,,,,,,
2025-03-03 15:57:00,228.0,,,,,,,,,,,,,,,,,,,,,,,,,,,,,,,
2025-03-03 16:00:00,222.0,,,,,,,,,,,,,,,,,,,,,,,,,,,,,,,
2025-03-03 16:03:00,191.0,,,,,,,,,,,,,,,,,,,,,,,,,,,,,,,
2025-03-03 16:06:00,184.0,,,,,,,,,,,,,,,,,,,,,,,,,,,,,,,
2025-03-03 16:09:00,161.0,,,,,,,,,,,,,,,,,,,,,,,,,,,,,,,
2025-03-03 16:12:00,,,,,,,,,,,,,,,,,,,,,,,,,,,,,,,,
2025-03-03 16:15:00,160.0,,,,,,,,,,,,,,,,,,,,,,,,,,,,,,,
2025-03-03 16:18:00,153.0,,,,,,,,,,,,,,,,,,,,,,,,,,,,,,,
2025-03-03 16:21:00,142.0,,,,,,,,,,,,,,,,,,,,,,,,,,,,,,,
2025-03-03 16:24:00,138.0,,,,,,,,,,,,,,,,,,,,,,,,,,,,,,,
2025-03-03 16:27:00,126.0,,,,,,,,,,,,,,,,,,,,,,,,,,,,,,,
2025-03-03 16:30:00,120.0,,,,,,,,,,,,,,,,,,,,,,,,,,,,,,,
2025-03-03 16:33:00,117.0,,,,,,,,,,,,,,,,,,,,,,,,,,,,,,,
2025-03-03 16:36:00,109.0,,,,,,,,,,,,,,,,,,,,,,,,,,,,,,,
2025-03-03 16:39:00,101.0,,,,,,,,,,,,,,,,,,,,,,,,,,,,,,,
2025-03-03 16:42:00,90.0,,,,,,,,,,,,,,,,,,,,,,,,,,,,,,,
2025-03-03 16:45:00,77.0,,,,,,,,,,,,,,,,,,,,,,,,,,,,,,,
2025-03-03 16:48:00,71.0,,,,,,,,,,,,,,,,,,,,,,,,,,,,,,,
2025-03-03 16:51:00,63.0,,,,,,,,,,,,,,,,,,,,,,,,,,,,,,,
2025-03-03 16:54:00,60.0,,,,,,,,,,,,,,,,,,,,,,,,,,,,,,,
2025-03-03 16:57:00,57.0,,,,,,,,,,,,,,,,,,,,,,,,,,,,,,,
2025-03-03 17:00:00,57.0,,,,,,,,,,,,,,,,,,,,,,,,,,,,,,,
2025-03-03 17:03:00,55.0,,,,,,,,,,,,,,,,,,,,,,,,,,,,,,,
2025-03-03 17:06:00,49.0,,,,,,,,,,,,,,,,,,,,,,,,,,,,,,,
2025-03-03 17:09:00,39.0,,,,,,,,,,,,,,,,,,,,,,,,,,,,,,,
2025-03-03 17:12:00,30.0,,,,,,,,,,,,,,,,,,,,,,,,,,,,,,,
2025-03-03 17:15:00,25.0,,,,,,,,,,,,,,,,,,,,,,,,,,,,,,,
2025-03-03 17:18:00,21.0,,,,,,,,,,,,,,,,,,,,,,,,,,,,,,,
2025-03-03 17:21:00,17.0,,,,,,,,,,,,,,,,,,,,,,,,,,,,,,,
2025-03-03 17:24:00,15.0,,,,,,,,,,,,,,,,,,,,,,,,,,,,,,,
2025-03-03 17:27:00,12.0,,,,,,,,,,,,,,,,,,,,,,,,,,,,,,,
2025-03-03 17:30:00,0.0,,,,,,,,,,,,,,,,,,,,,,,,,,,,,,,
2025-03-03 17:33:00,0.0,,,,,,,,,,,,,,,,,,,,,,,,,,,,,,,
2025-03-03 17:36:00,0.0,,,,,,,,,,,,,,,,,,,,,,,,,,,,,,,
2025-03-03 17:39:00,0.0,,,,,,,,,,,,,,,,,,,,,,,,,,,,,,,
2025-03-03 17:42:00,0.0,,,,,,,,,,,,,,,,,,,,,,,,,,,,,,,
2025-03-03 17:45:00,0.0,,,,,,,,,,,,,,,,,,,,,,,,,,,,,,,
2025-03-03 17:48:00,0.0,,,,,,,,,,,,,,,,,,,,,,,,,,,,,,,
2025-03-03 17:51:00,0.0,,,,,,,,,,,,,,,,,,,,,,,,,,,,,,,
2025-03-03 17:54:00,0.0,,,,,,,,,,,,,,,,,,,,,,,,,,,,,,,
2025-03-03 17:57:00,0.0,,,,,,,,,,,,,,,,,,,,,,,,,,,,,,,
2025-03-03 18:00:00,0.0,,,,,,,,,,,,,,,,,,,,,,,,,,,,,,,
2025-03-03 18:03:00,0.0,,,,,,,,,,,,,,,,,,,,,,,,,,,,,,,
2025-03-03 18:06:00,0.0,,,,,,,,,,,,,,,,,,,,,,,,,,,,,,,
2025-03-03 18:09:00,0.0,,,,,,,,,,,,,,,,,,,,,,,,,,,,,,,
2025-03-03 18:12:00,0.0,,,,,,,,,,,,,,,,,,,,,,,,,,,,,,,
2025-03-03 18:15:00,0.0,,,,,,,,,,,,,,,,,,,,,,,,,,,,,,,
2025-03-03 18:18:00,0.0,,,,,,,,,,,,,,,,,,,,,,,,,,,,,,,
2025-03-03 18:21:00,0.0,,,,,,,,,,,,,,,,,,,,,,,,,,,,,,,
2025-03-03 18:24:00,0.0,,,,,,,,,,,,,,,,,,,,,,,,,,,,,,,
2025-03-03 18:27:00,0.0,,,,,,,,,,,,,,,,,,,,,,,,,,,,,,,
2025-03-03 18:30:00,0.0,,,,,,,,,,,,,,,,,,,,,,,,,,,,,,,
2025-03-03 18:33:00,0.0,,,,,,,,,,,,,,,,,,,,,,,,,,,,,,,
2025-03-03 18:36:00,0.0,,,,,,,,,,,,,,,,,,,,,,,,,,,,,,,
2025-03-03 18:39:00,0.0,,,,,,,,,,,,,,,,,,,,,,,,,,,,,,,
2025-03-03 18:42:00,0.0,,,,,,,,,,,,,,,,,,,,,,,,,,,,,,,
2025-03-03 18:45:00,0.0,,,,,,,,,,,,,,,,,,,,,,,,,,,,,,,
2025-03-03 18:48:00,0.0,,,,,,,,,,,,,,,,,,,,,,,,,,,,,,,
2025-03-03 18:51:00,0.0,,,,,,,,,,,,,,,,,,,,,,,,,,,,,,,
2025-03-03 18:54:00,0.0,,,,,,,,,,,,,,,,,,,,,,,,,,,,,,,
2025-03-03 18:57:00,0.0,,,,,,,,,,,,,,,,,,,,,,,,,,,,,,,
2025-03-03 19:00:00,0.0,,,,,,,,,,,,,,,,,,,,,,,,,,,,,,,
2025-03-03 19:03:00,0.0,,,,,,,,,,,,,,,,,,,,,,,,,,,,,,,
2025-03-03 19:06:00,0.0,,,,,,,,,,,,,,,,,,,,,,,,,,,,,,,
2025-03-03 19:09:00,0.0,,,,,,,,,,,,,,,,,,,,,,,,,,,,,,,
2025-03-03 19:12:00,0.0,,,,,,,,,,,,,,,,,,,,,,,,,,,,,,,
2025-03-03 19:15:00,0.0,,,,,,,,,,,,,,,,,,,,,,,,,,,,,,,
2025-03-03 19:18:00,0.0,,,,,,,,,,,,,,,,,,,,,,,,,,,,,,,
2025-03-03 19:21:00,0.0,,,,,,,,,,,,,,,,,,,,,,,,,,,,,,,
2025-03-03 19:24:00,0.0,,,,,,,,,,,,,,,,,,,,,,,,,,,,,,,
2025-03-03 19:27:00,0.0,,,,,,,,,,,,,,,,,,,,,,,,,,,,,,,
2025-03-03 19:30:00,0.0,,,,,,,,,,,,,,,,,,,,,,,,,,,,,,,
2025-03-03 19:33:00,0.0,,,,,,,,,,,,,,,,,,,,,,,,,,,,,,,
2025-03-03 19:36:00,0.0,,,,,,,,,,,,,,,,,,,,,,,,,,,,,,,
2025-03-03 19:39:00,0.0,,,,,,,,,,,,,,,,,,,,,,,,,,,,,,,
2025-03-03 19:42:00,0.0,,,,,,,,,,,,,,,,,,,,,,,,,,,,,,,
2025-03-03 19:45:00,0.0,,,,,,,,,,,,,,,,,,,,,,,,,,,,,,,
2025-03-03 19:48:00,0.0,,,,,,,,,,,,,,,,,,,,,,,,,,,,,,,
2025-03-03 19:51:00,0.0,,,,,,,,,,,,,,,,,,,,,,,,,,,,,,,
2025-03-03 19:54:00,0.0,,,,,,,,,,,,,,,,,,,,,,,,,,,,,,,
2025-03-03 19:57:00,0.0,,,,,,,,,,,,,,,,,,,,,,,,,,,,,,,
2025-03-03 20:00:00,0.0,,,,,,,,,,,,,,,,,,,,,,,,,,,,,,,
2025-03-03 20:03:00,0.0,,,,,,,,,,,,,,,,,,,,,,,,,,,,,,,
2025-03-03 20:06:00,0.0,,,,,,,,,,,,,,,,,,,,,,,,,,,,,,,
2025-03-03 20:09:00,0.0,,,,,,,,,,,,,,,,,,,,,,,,,,,,,,,
2025-03-03 20:12:00,0.0,,,,,,,,,,,,,,,,,,,,,,,,,,,,,,,
2025-03-03 20:15:00,0.0,,,,,,,,,,,,,,,,,,,,,,,,,,,,,,,
2025-03-03 20:18:00,0.0,,,,,,,,,,,,,,,,,,,,,,,,,,,,,,,
2025-03-03 20:21:00,0.0,,,,,,,,,,,,,,,,,,,,,,,,,,,,,,,
2025-03-03 20:24:00,0.0,,,,,,,,,,,,,,,,,,,,,,,,,,,,,,,
2025-03-03 20:27:00,0.0,,,,,,,,,,,,,,,,,,,,,,,,,,,,,,,
2025-03-03 20:30:00,0.0,,,,,,,,,,,,,,,,,,,,,,,,,,,,,,,
2025-03-03 20:33:00,0.0,,,,,,,,,,,,,,,,,,,,,,,,,,,,,,,
2025-03-03 20:36:00,0.0,,,,,,,,,,,,,,,,,,,,,,,,,,,,,,,
2025-03-03 20:39:00,0.0,,,,,,,,,,,,,,,,,,,,,,,,,,,,,,,
2025-03-03 20:42:00,0.0,,,,,,,,,,,,,,,,,,,,,,,,,,,,,,,
2025-03-03 20:45:00,0.0,,,,,,,,,,,,,,,,,,,,,,,,,,,,,,,
2025-03-03 20:48:00,0.0,,,,,,,,,,,,,,,,,,,,,,,,,,,,,,,
2025-03-03 20:51:00,0.0,,,,,,,,,,,,,,,,,,,,,,,,,,,,,,,
2025-03-03 20:54:00,0.0,,,,,,,,,,,,,,,,,,,,,,,,,,,,,,,
2025-03-03 20:57:00,0.0,,,,,,,,,,,,,,,,,,,,,,,,,,,,,,,
2025-03-03 21:00:00,0.0,,,,,,,,,,,,,,,,,,,,,,,,,,,,,,,
2025-03-03 21:03:00,0.0,,,,,,,,,,,,,,,,,,,,,,,,,,,,,,,
2025-03-03 21:06:00,0.0,,,,,,,,,,,,,,,,,,,,,,,,,,,,,,,
2025-03-03 21:09:00,0.0,,,,,,,,,,,,,,,,,,,,,,,,,,,,,,,
2025-03-03 21:12:00,0.0,,,,,,,,,,,,,,,,,,,,,,,,,,,,,,,
2025-03-03 21:15:00,0.0,,,,,,,,,,,,,,,,,,,,,,,,,,,,,,,
2025-03-03 21:18:00,0.0,,,,,,,,,,,,,,,,,,,,,,,,,,,,,,,
2025-03-03 21:21:00,0.0,,,,,,,,,,,,,,,,,,,,,,,,,,,,,,,
2025-03-03 21:24:00,0.0,,,,,,,,,,,,,,,,,,,,,,,,,,,,,,,
2025-03-03 21:27:00,0.0,,,,,,,,,,,,,,,,,,,,,,,,,,,,,,,
2025-03-03 21:30:00,0.0,,,,,,,,,,,,,,,,,,,,,,,,,,,,,,,
2025-03-03 21:33:00,0.0,,,,,,,,,,,,,,,,,,,,,,,,,,,,,,,
2025-03-03 21:36:00,0.0,,,,,,,,,,,,,,,,,,,,,,,,,,,,,,,
2025-03-03 21:39:00,0.0,,,,,,,,,,,,,,,,,,,,,,,,,,,,,,,
2025-03-03 21:42:00,0.0,,,,,,,,,,,,,,,,,,,,,,,,,,,,,,,
2025-03-03 21:45:00,0.0,,,,,,,,,,,,,,,,,,,,,,,,,,,,,,,
2025-03-03 21:48:00,0.0,,,,,,,,,,,,,,,,,,,,,,,,,,,,,,,
2025-03-03 21:51:00,0.0,,,,,,,,,,,,,,,,,,,,,,,,,,,,,,,
2025-03-03 21:54:00,0.0,,,,,,,,,,,,,,,,,,,,,,,,,,,,,,,
2025-03-03 21:57:00,0.0,,,,,,,,,,,,,,,,,,,,,,,,,,,,,,,
2025-03-03 22:00:00,0.0,,,,,,,,,,,,,,,,,,,,,,,,,,,,,,,
2025-03-03 22:03:00,0.0,,,,,,,,,,,,,,,,,,,,,,,,,,,,,,,
2025-03-03 22:06:00,0.0,,,,,,,,,,,,,,,,,,,,,,,,,,,,,,,
2025-03-03 22:09:00,0.0,,,,,,,,,,,,,,,,,,,,,,,,,,,,,,,
2025-03-03 22:12:00,0.0,,,,,,,,,,,,,,,,,,,,,,,,,,,,,,,
2025-03-03 22:15:00,0.0,,,,,,,,,,,,,,,,,,,,,,,,,,,,,,,
2025-03-03 22:18:00,0.0,,,,,,,,,,,,,,,,,,,,,,,,,,,,,,,
2025-03-03 22:21:00,0.0,,,,,,,,,,,,,,,,,,,,,,,,,,,,,,,
2025-03-03 22:24:00,0.0,,,,,,,,,,,,,,,,,,,,,,,,,,,,,,,
2025-03-03 22:27:00,0.0,,,,,,,,,,,,,,,,,,,,,,,,,,,,,,,
2025-03-03 22:30:00,0.0,,,,,,,,,,,,,,,,,,,,,,,,,,,,,,,
2025-03-03 22:33:00,0.0,,,,,,,,,,,,,,,,,,,,,,,,,,,,,,,
2025-03-03 22:36:00,0.0,,,,,,,,,,,,,,,,,,,,,,,,,,,,,,,
2025-03-03 22:39:00,0.0,,,,,,,,,,,,,,,,,,,,,,,,,,,,,,,
2025-03-03 22:42:00,0.0,,,,,,,,,,,,,,,,,,,,,,,,,,,,,,,
2025-03-03 22:45:00,0.0,,,,,,,,,,,,,,,,,,,,,,,,,,,,,,,
2025-03-03 22:48:00,0.0,,,,,,,,,,,,,,,,,,,,,,,,,,,,,,,
2025-03-03 22:51:00,0.0,,,,,,,,,,,,,,,,,,,,,,,,,,,,,,,
2025-03-03 22:54:00,0.0,,,,,,,,,,,,,,,,,,,,,,,,,,,,,,,
2025-03-03 22:57:00,0.0,,,,,,,,,,,,,,,,,,,,,,,,,,,,,,,
2025-03-03 23:00:00,0.0,,,,,,,,,,,,,,,,,,,,,,,,,,,,,,,
2025-03-03 23:03:00,0.0,,,,,,,,,,,,,,,,,,,,,,,,,,,,,,,
2025-03-03 23:06:00,0.0,,,,,,,,,,,,,,,,,,,,,,,,,,,,,,,
2025-03-03 23:09:00,0.0,,,,,,,,,,,,,,,,,,,,,,,,,,,,,,,
2025-03-03 23:12:00,0.0,,,,,,,,,,,,,,,,,,,,,,,,,,,,,,,
2025-03-03 23:15:00,0.0,,,,,,,,,,,,,,,,,,,,,,,,,,,,,,,
2025-03-03 23:18:00,0.0,,,,,,,,,,,,,,,,,,,,,,,,,,,,,,,
2025-03-03 23:21:00,0.0,,,,,,,,,,,,,,,,,,,,,,,,,,,,,,,
2025-03-03 23:24:00,0.0,,,,,,,,,,,,,,,,,,,,,,,,,,,,,,,
2025-03-03 23:27:00,0.0,,,,,,,,,,,,,,,,,,,,,,,,,,,,,,,
2025-03-03 23:30:00,0.0,,,,,,,,,,,,,,,,,,,,,,,,,,,,,,,
2025-03-03 23:33:00,0.0,,,,,,,,,,,,,,,,,,,,,,,,,,,,,,,
2025-03-03 23:36:00,0.0,,,,,,,,,,,,,,,,,,,,,,,,,,,,,,,
2025-03-03 23:39:00,0.0,,,,,,,,,,,,,,,,,,,,,,,,,,,,,,,
2025-03-03 23:42:00,0.0,,,,,,,,,,,,,,,,,,,,,,,,,,,,,,,
2025-03-03 23:45:00,0.0,,,,,,,,,,,,,,,,,,,,,,,,,,,,,,,
2025-03-03 23:48:00,0.0,,,,,,,,,,,,,,,,,,,,,,,,,,,,,,,
2025-03-03 23:51:00,0.0,,,,,,,,,,,,,,,,,,,,,,,,,,,,,,,
2025-03-03 23:54:00,0.0,,,,,,,,,,,,,,,,,,,,,,,,,,,,,,,
2025-03-03 23:57:00,0.0,,,,,,,,,,,,,,,,,,,,,,,,,,,,,,,
