Timestamp,25379
2025-03-03T00:00:00,0.0
2025-03-03T00:03:00,0.0
2025-03-03T00:06:00,0.0
2025-03-03T00:09:00,0.0
2025-03-03T00:12:00,0.0
2025-03-03T00:15:00,0.0
2025-03-03T00:18:00,0.0
2025-03-03T00:21:00,0.0
2025-03-03T00:24:00,0.0
2025-03-03T00:27:00,0.0
2025-03-03T00:30:00,0.0
2025-03-03T00:33:00,0.0
2025-03-03T00:36:00,0.0
2025-03-03T00:39:00,0.0
2025-03-03T00:42:00,0.0
2025-03-03T00:45:00,0.0
2025-03-03T00:48:00,0.0
2025-03-03T00:51:00,0.0
2025-03-03T00:54:00,0.0
2025-03-03T00:57:00,0.0
2025-03-03T01:00:00,0.0
2025-03-03T01:03:00,0.0
2025-03-03T01:06:00,0.0
2025-03-03T01:09:00,0.0
2025-03-03T01:12:00,0.0
2025-03-03T01:15:00,0.0
2025-03-03T01:18:00,0.0
2025-03-03T01:21:00,0.0
2025-03-03T01:24:00,0.0
2025-03-03T01:27:00,0.0
2025-03-03T01:30:00,0.0
2025-03-03T01:33:00,0.0
2025-03-03T01:36:00,0.0
2025-03-03T01:39:00,0.0
2025-03-03T01:42:00,0.0
2025-03-03T01:45:00,0.0
2025-03-03T01:48:00,0.0
2025-03-03T01:51:00,0.0
2025-03-03T01:54:00,0.0
2025-03-03T01:57:00,0.0
2025-03-03T02:00:00,0.0
2025-03-03T02:03:00,0.0
2025-03-03T02:06:00,0.0
2025-03-03T02:09:00,0.0
2025-03-03T02:12:00,0.0
2025-03-03T02:15:00,0.0
2025-03-03T02:18:00,0.0
2025-03-03T02:21:00,0.0
2025-03-03T02:24:00,0.0
2025-03-03T02:27:00,0.0
2025-03-03T02:30:00,0.0
2025-03-03T02:33:00,0.0
2025-03-03T02:36:00,0.0
2025-03-03T02:39:00,0.0
2025-03-03T02:42:00,0.0
2025-03-03T02:45:00,0.0
2025-03-03T02:48:00,0.0
2025-03-03T02:51:00,0.0
2025-03-03T02:54:00,0.0
2025-03-03T02:57:00,0.0
2025-03-03T03:00:00,0.0
2025-03-03T03:03:00,0.0
2025-03-03T03:06:00,0.0
2025-03-03T03:09:00,0.0
2025-03-03T03:12:00,0.0
2025-03-03T03:15:00,0.0
2025-03-03T03:18:00,0.0
2025-03-03T03:21:00,0.0
2025-03-03T03:24:00,0.0
2025-03-03T03:27:00,0.0
2025-03-03T03:30:00,0.0
2025-03-03T03:33:00,0.0
2025-03-03T03:36:00,0.0
2025-03-03T03:39:00,0.0
2025-03-03T03:42:00,0.0
2025-03-03T03:45:00,0.0
2025-03-03T03:48:00,0.0
2025-03-03T03:51:00,0.0
2025-03-03T03:54:00,0.0
2025-03-03T03:57:00,0.0
2025-03-03T04:00:00,0.0
2025-03-03T04:03:00,0.0
2025-03-03T04:06:00,0.0
2025-03-03T04:09:00,0.0
2025-03-03T04:12:00,0.0
2025-03-03T04:15:00,0.0
2025-03-03T04:18:00,0.0
2025-03-03T04:21:00,0.0
2025-03-03T04:24:00,0.0
2025-03-03T04:27:00,0.0
2025-03-03T04:30:00,0.0
2025-03-03T04:33:00,0.0
2025-03-03T04:36:00,0.0
2025-03-03T04:39:00,0.0
2025-03-03T04:42:00,0.0
2025-03-03T04:45:00,0.0
2025-03-03T04:48:00,
2025-03-03T04:51:00,0.0
2025-03-03T04:54:00,0.0
2025-03-03T04:57:00,0.0
2025-03-03T05:00:00,0.0
2025-03-03T05:03:00,0.0
2025-03-03T05:06:00,0.0
2025-03-03T05:09:00,0.0
2025-03-03T05:12:00,0.0
2025-03-03T05:15:00,0.0
2025-03-03T05:18:00,0.0
2025-03-03T05:21:00,0.0
2025-03-03T05:24:00,0.0
2025-03-03T05:27:00,0.0
2025-03-03T05:30:00,0.0
2025-03-03T05:33:00,0.0
2025-03-03T05:36:00,0.0
2025-03-03T05:39:00,0.0
2025-03-03T05:42:00,0.0
2025-03-03T05:45:00,0.0
2025-03-03T05:48:00,0.0
2025-03-03T05:51:00,0.0
2025-03-03T05:54:00,0.0
2025-03-03T05:57:00,0.0
2025-03-03T06:00:00,0.0
2025-03-03T06:03:00,0.0
2025-03-03T06:06:00,0.0
2025-03-03T06:09:00,0.0
2025-03-03T06:12:00,0.0
2025-03-03T06:15:00,0.0
2025-03-03T06:18:00,9.0
2025-03-03T06:21:00,11.0
2025-03-03T06:24:00,12.0
2025-03-03T06:27:00,14.0
2025-03-03T06:30:00,16.0
2025-03-03T06:33:00,20.0
2025-03-03T06:36:00,25.0
2025-03-03T06:39:00,30.0
2025-03-03T06:42:00,35.0
2025-03-03T06:45:00,41.0
2025-03-03T06:48:00,47.0
2025-03-03T06:51:00,48.0
2025-03-03T06:54:00,49.0
2025-03-03T06:57:00,52.0
2025-03-03T07:00:00,54.0
2025-03-03T07:03:00,59.0
2025-03-03T07:06:00,65.0
2025-03-03T07:09:00,76.0
2025-03-03T07:12:00,77.0
2025-03-03T07:15:00,75.0
2025-03-03T07:18:00,92.0
2025-03-03T07:21:00,97.0
2025-03-03T07:24:00,111.0
2025-03-03T07:27:00,90.0
2025-03-03T07:30:00,95.0
2025-03-03T07:33:00,91.0
2025-03-03T07:36:00,87.0
2025-03-03T07:39:00,82.0
2025-03-03T07:42:00,94.0
2025-03-03T07:45:00,98.0
2025-03-03T07:48:00,98.0
2025-03-03T07:51:00,101.0
2025-03-03T07:54:00,96.0
2025-03-03T07:57:00,107.0
2025-03-03T08:00:00,154.0
2025-03-03T08:03:00,191.0
2025-03-03T08:06:00,216.0
2025-03-03T08:09:00,214.0
2025-03-03T08:12:00,162.0
2025-03-03T08:15:00,221.0
2025-03-03T08:18:00,233.0
2025-03-03T08:21:00,172.0
2025-03-03T08:24:00,167.0
2025-03-03T08:27:00,164.0
2025-03-03T08:30:00,137.0
2025-03-03T08:33:00,126.0
2025-03-03T08:36:00,147.0
2025-03-03T08:39:00,162.0
2025-03-03T08:42:00,151.0
2025-03-03T08:45:00,259.0
2025-03-03T08:48:00,217.0
2025-03-03T08:51:00,216.0
2025-03-03T08:54:00,225.0
2025-03-03T08:57:00,192.0
2025-03-03T09:00:00,260.0
2025-03-03T09:03:00,315.0
2025-03-03T09:06:00,275.0
2025-03-03T09:09:00,301.0
2025-03-03T09:12:00,243.0
2025-03-03T09:15:00,271.0
2025-03-03T09:18:00,235.0
2025-03-03T09:21:00,213.0
2025-03-03T09:24:00,234.0
2025-03-03T09:27:00,235.0
2025-03-03T09:30:00,224.0
2025-03-03T09:33:00,209.0
2025-03-03T09:36:00,198.0
2025-03-03T09:39:00,200.0
2025-03-03T09:42:00,227.0
2025-03-03T09:45:00,356.0
2025-03-03T09:48:00,285.0
2025-03-03T09:51:00,414.0
2025-03-03T09:54:00,416.0
2025-03-03T09:57:00,562.0
2025-03-03T10:00:00,448.0
2025-03-03T10:03:00,430.0
2025-03-03T10:06:00,451.0
2025-03-03T10:09:00,589.0
2025-03-03T10:12:00,610.0
2025-03-03T10:15:00,554.0
2025-03-03T10:18:00,609.0
2025-03-03T10:21:00,610.0
2025-03-03T10:24:00,615.0
2025-03-03T10:27:00,623.0
2025-03-03T10:30:00,626.0
2025-03-03T10:33:00,619.0
2025-03-03T10:36:00,631.0
2025-03-03T10:39:00,
2025-03-03T10:42:00,636.0
2025-03-03T10:45:00,641.0
2025-03-03T10:48:00,650.0
2025-03-03T10:51:00,655.0
2025-03-03T10:54:00,643.0
2025-03-03T10:57:00,655.0
2025-03-03T11:00:00,695.0
2025-03-03T11:03:00,583.0
2025-03-03T11:06:00,597.0
2025-03-03T11:09:00,558.0
2025-03-03T11:12:00,432.0
2025-03-03T11:15:00,375.0
2025-03-03T11:18:00,426.0
2025-03-03T11:21:00,591.0
2025-03-03T11:24:00,515.0
2025-03-03T11:27:00,539.0
2025-03-03T11:30:00,473.0
2025-03-03T11:33:00,522.0
2025-03-03T11:36:00,539.0
2025-03-03T11:39:00,577.0
2025-03-03T11:42:00,498.0
2025-03-03T11:45:00,463.0
2025-03-03T11:48:00,457.0
2025-03-03T11:51:00,284.0
2025-03-03T11:54:00,329.0
2025-03-03T11:57:00,333.0
2025-03-03T12:00:00,394.0
2025-03-03T12:03:00,460.0
2025-03-03T12:06:00,481.0
2025-03-03T12:09:00,498.0
2025-03-03T12:12:00,338.0
2025-03-03T12:15:00,242.0
2025-03-03T12:18:00,234.0
2025-03-03T12:21:00,299.0
2025-03-03T12:24:00,401.0
2025-03-03T12:27:00,491.0
2025-03-03T12:30:00,476.0
2025-03-03T12:33:00,394.0
2025-03-03T12:36:00,352.0
2025-03-03T12:39:00,344.0
2025-03-03T12:42:00,402.0
2025-03-03T12:45:00,400.0
2025-03-03T12:48:00,401.0
2025-03-03T12:51:00,414.0
2025-03-03T12:54:00,450.0
2025-03-03T12:57:00,491.0
2025-03-03T13:00:00,460.0
2025-03-03T13:03:00,464.0
2025-03-03T13:06:00,405.0
2025-03-03T13:09:00,346.0
2025-03-03T13:12:00,324.0
2025-03-03T13:15:00,358.0
2025-03-03T13:18:00,421.0
2025-03-03T13:21:00,308.0
2025-03-03T13:24:00,276.0
2025-03-03T13:27:00,320.0
2025-03-03T13:30:00,440.0
2025-03-03T13:33:00,388.0
2025-03-03T13:36:00,316.0
2025-03-03T13:39:00,253.0
2025-03-03T13:42:00,205.0
2025-03-03T13:45:00,203.0
2025-03-03T13:48:00,239.0
2025-03-03T13:51:00,250.0
2025-03-03T13:54:00,213.0
2025-03-03T13:57:00,205.0
2025-03-03T14:00:00,221.0
2025-03-03T14:03:00,243.0
2025-03-03T14:06:00,221.0
2025-03-03T14:09:00,201.0
2025-03-03T14:12:00,230.0
2025-03-03T14:15:00,279.0
2025-03-03T14:18:00,324.0
2025-03-03T14:21:00,295.0
2025-03-03T14:24:00,383.0
2025-03-03T14:27:00,325.0
2025-03-03T14:30:00,377.0
2025-03-03T14:33:00,356.0
2025-03-03T14:36:00,270.0
2025-03-03T14:39:00,211.0
2025-03-03T14:42:00,192.0
2025-03-03T14:45:00,205.0
2025-03-03T14:48:00,230.0
2025-03-03T14:51:00,260.0
2025-03-03T14:54:00,267.0
2025-03-03T14:57:00,257.0
